SMILES,Name,PredictedScore
Fc1cccnc1N1CCOc2ccccc2C1,Z1373424921,-6.1883307
Cc1ccc(Cc2nnn(Cc3noc(-c4ccc(F)cc4)n3)n2)cc1,Z1822519050,-6.8228183
CCOC1CC(NC(=O)C2Cc3cc(C)c(C)cc3O2)C12CCOCC2,Z1716074294,-6.2682366
Cn1nccc1CCN1CCCCC1c1cc2ccccc2[nH]1,Z1824271189,-5.9331
CC(C)C(=O)N1CCC(NC(=O)c2c[nH]c3ccccc23)C1,Z1421644937,-5.8337474
Brc1ccc2c(c1)C1(CCCC1)CN2Cc1nnc(C2CC2)o1,Z1422509958,-5.8157287
CC(C(=O)N1CCS(=O)(=O)CC1c1cnn(C)c1)c1cccc(F)c1,Z1757453304,-6.229783
Cn1cc(C2CS(=O)(=O)CCN2C(=O)Cc2ccccc2F)cn1,Z1757448868,-6.082666
Clc1cccc(-c2nnc(Cn3cccn3)o2)c1,Z1271603889,-6.3437257
CCS(=O)(=O)N1CCN(C(=O)c2ccc3[nH]ccc3c2)CC1,Z1151697216,-6.3819194
COc1ccc(C2(c3nnc(-c4ccccc4C)o3)CCOCC2)cc1,Z1166111994,-6.270863
Cc1cc(C)n(Cc2nnc(-c3cccc(F)c3)o2)n1,Z1271594830,-6.4227657
CN(Cc1cc(=O)n(C)c(=O)n1C)C1CCCc2ccccc21,Z212259096,-5.823611
O=C1CC(c2ccccc2)N(C(=O)Nc2ccc(OC(F)F)cc2)CCN1,Z873129298,-6.224538
CC(C)Cc1cc(C(=O)N2CCCC23CCCCCC3)[nH]n1,Z1589149435,-6.2984796
O=C1CC(c2ccccc2)N(C(=O)Nc2cccc(C(F)(F)F)c2)CCN1,Z873124578,-6.371655
COc1cc(Br)c(NC(=O)N2CCNC(=O)CC2c2ccccc2)cc1OC,Z873174604,-6.3417926
O=C1NC2(CCCC2)C(=O)N1Cc1cccc2cccnc12,Z214569502,-6.253097
COc1ccc2[nH]cc(CC(=O)N(C)C3CCN(C)C3=O)c2c1,Z1239558716,-6.01654
CC(C)(O)CSCCNC(=O)N1CCc2c(F)cc(F)cc2C1,Z1444729026,-6.3819194
O=C(CN1C(=O)NC2(CCCC2)C1=O)N1CCN(C(=O)c2ccc3ccccc3c2)CC1,Z297050148,-6.328342
Cc1n[nH]c(C)c1C1CCCN1C(=O)NCCc1c[nH]c2c(C)cccc12,Z1590223339,-5.828877
O=C(NC1CCN(Cc2cc(=O)n3ccccc3n2)CC1)c1ccccc1,Z216804246,-6.0692997
CC1CN(C(=O)CN2C(=O)NC(Cc3c[nH]c4ccccc34)C2=O)CCO1,Z216594100,-6.159
Cn1nnnc1CN1CCCCC1c1cc2ccccc2[nH]1,Z1155912381,-5.9331
Cc1ccc2nc(CN3CCCc4ccc(C(F)(F)F)cc43)cc(=O)n2c1,Z218115474,-6.3714905
Cc1cnn(CC(=O)N2CCCCC2c2cc3ccccc3[nH]2)c1,Z1155567160,-5.975994
COc1ccc(C2CCCN2c2c(C#N)c(=O)n(C)c(=O)n2C)cc1,Z219206788,-5.638749
NC(=O)c1ccc(CN2C(=O)NC3(CCCC3)C2=O)cc1,Z165591544,-6.3058963
O=C(Nc1ccc(Cl)cc1Cl)C1CCCN1c1nccc(C(F)(F)F)n1,Z368577720,-5.8157287
O=C(Nc1ccccc1)C1CCCN1c1ccc(C(F)(F)F)cn1,Z328723732,-5.6686115
CCN(CC)S(=O)(=O)c1cc(NC(=O)C2CCCN2c2ncnc3ccccc23)ccc1C,Z223591190,-5.8595443
Cc1ccc(NC(=O)C2CCCN2c2ncnc3ccccc23)cc1,Z223587178,-5.712427
O=C(Nc1cc(-c2nnc3n2CCCCC3)ccc1F)C1COc2ccccc2O1,Z271090688,-6.9253597
Cc1ccc2nc(CN3CCCN(Cc4ccc(C#N)cc4)CC3)cc(=O)n2c1,Z225047816,-6.4242897
Cc1cc(S(=O)(=O)N(C)C)cc(NC(=O)CN2CCC(c3c[nH]c4ccccc34)CC2)c1C,Z225109164,-6.071188
CS(=O)(=O)NCCc1ccc(-c2csc(COc3ccccc3)n2)s1,Z227977912,-6.1594405
COc1ccc(S(=O)(=O)N2CCCC(C(=O)N(Cc3ccccc3)c3ccccn3)C2)cc1,Z228205928,-5.638749
CC(=O)Nc1ccc(NC(=O)C2CCCN2c2ncnc3ccccc23)cc1Cl,Z228269080,-5.7858663
O=C(NCC1CN(C2CC2)CCO1)c1cc2ccc(OC(F)(F)F)cc2[nH]1,Z1234926942,-6.0464025
Cc1csc(=O)n1CC(=O)NCC1CC12CCCc1ccccc12,Z1417133963,-6.111621
CC1CCCCC12NC(=O)N(Cc1noc(-c3ccc(Cl)cc3)n1)C2=O,Z234896133,-6.3963637
O=c1cc(CN2CCCN(Cc3ccc(C(F)(F)F)cc3)CC2)nc2ccc(Cl)cn12,Z235943010,-6.411258
CCCc1cc(N2CCC3(CC2)CC3c2nnc(-c3ccccc3)o2)n2ncnc2n1,Z1165357650,-6.238061
Cc1c(C(=O)NCC2CCCO2)nnn1-c1cccc2c1CCN(C(=O)NC(C)C)C2,Z1165360501,-5.6767516
Cc1c(C(=O)N2CCOCC2)nnn1-c1cccc2c1CCN(C(=O)NC(C)(C)C)C2,Z1165361315,-6.1612463
Cn1cc(C2CSCCN2CC(=O)NC2CC2)cn1,Z1846153469,-5.722189
Cc1cccc(-c2nnc(C3(c4cccc(Br)c4)CCOCC3)o2)c1,Z1166112993,-6.425286
COc1ccc(-c2noc(C3(C)CCOCC3)n2)cc1,Z1166114083,-6.7347946
CS(=O)(=O)c1ccc(-c2noc(C3(c4ccc(F)cc4)CCOCC3)n2)cc1,Z1166114238,-6.770019
CC(C)NS(=O)(=O)c1cccc(C(=O)N2CCC(c3cc4ccccc4[nH]3)CC2)c1,Z909177912,-5.8974247
CCOC1CC(NC(=O)NC2CC3CCC2O3)C12CCCC2,Z1415735815,-5.674946
Cc1cc(C)c2cc(C(=O)N3CCN(S(=O)(=O)Cc4ccccc4)CC3)[nH]c2c1C,Z240139220,-6.4686418
CC1CC(c2ccsc2)CN1CCN1C(=O)NC2(CCCC2)C1=O,Z1263037954,-6.1474323
C#CCN(C(=O)c1cccc(-c2nnc(COC)o2)c1)C1CCCC1,Z1601934761,-5.8293686
Clc1cccc(-c2noc(C3CC34CCN(Cc3nc(C5CC5)no3)CC4)n2)c1,Z1170446122,-6.0843463
O=C(c1ccc(Cl)s1)N1CCCCC1c1nc[nH]n1,Z1603064936,-5.8158455
CCc1cc2c(N3CCC4(CC3)CC4c3nnc4n3CCCCC4)ncnc2s1,Z1170429299,-6.163918
O=C1NC2(CCCCCC2)C(=O)N1Cc1noc(-c2ccccc2)n1,Z426643040,-6.2965994
NC(=O)CNC(=O)[C@@]12CCC[C@@H]1CN(Cc1ccccc1)C2,Z1796062114,-5.7576075
COc1cc(N2CCOC(C)(C)C2)ccc1NC(=O)C1CC12CCOCC2,Z1482951552,-6.1945586
CN1C(=O)N(Cc2ncc(Cl)cc2Cl)C(=O)C12CCCCC2,Z1607255024,-6.186921
O=C(CNC(=O)N1CCc2ccccc2C1)NC1CCSCC1,Z1171714961,-5.716376
O=C(NC1CCOC2(CCCCC2)C1)NC1CCc2c(O)cccc21,Z1452485271,-5.704808
Cc1ccc2cc(C(=O)N3CCCCC3CN3CCOCC3)[nH]c2c1,Z1175340576,-5.975994
O=C1NC2(CCCC2)C(=O)N1Cc1ccc(COCC(F)(F)F)cc1,Z1611923242,-6.3058963
O=C(c1cccc2cc[nH]c12)N1CCC(OCCN2CCCCC2)C1,Z1453505709,-5.78017
O=C1NC2(CCCCC2)C(=O)N1Cc1cnn(-c2ccc(F)cc2F)c1,Z1612360444,-6.3640175
Cc1ccc(-c2ccsc2C(=O)N2CCN(Cc3cc(=O)n4ccccc4n3)CC2)cc1,Z295566146,-6.882994
Cc1ncc(CCN2C(=O)NC3(CCCC3)C2=O)s1,Z1612708862,-6.2661285
Cc1c(C(=O)NC2CCc3c(O)cccc32)cnn1-c1ccccn1,Z1177946813,-5.8320637
Cc1cnc(CNC(=O)N2CCSC3(CCCCC3)C2)s1,Z1357083819,-5.752554
Cc1nc(Cc2ccccc2)sc1C(=O)N1CCC2(CCCN2C)CC1,Z1613882993,-6.0778065
O=C(c1c[nH]c2cc(F)ccc12)N1CCC(CN2CCOCC2)CC1,Z1614025481,-6.010727
O=C(Cc1c[nH]c2ccccc12)NCC(=O)NC1CCCC1,Z941320920,-5.852042
Cc1ccc(-c2nnc3n2CCCCC3)cc1NC(=O)C1Cc2ccccc2S1,Z288365102,-6.860273
CS(=O)(=O)NCCc1ccc(-c2csc(C3CC3)n2)s1,Z355286286,-5.7583857
COc1ccc(-c2cc(CN3C(=O)N(C)C4(CCCCC4)C3=O)on2)cc1,Z291717716,-6.8074737
CCOc1ccc2cc(C(=O)N(C)C3CCN(C4CCN(C)CC4)C3)[nH]c2c1,Z1182562554,-6.01654
Cc1cccc(C)c1N1C(=O)C2N=NN(CC(=O)Nc3cccc(F)c3)C2C1=O,Z235353845,-6.303461
O=C(Cc1ccc(Cl)cc1Cl)N1CCN(Cc2cc(=O)n3ccccc3n2)CC1,Z295692774,-6.4703546
Cc1cccn2c(=O)cc(CN3CCN(Cc4cc(=O)n5ccccc5n4)CC3)nc12,Z295851590,-6.483386
O=C(CN1CCN(Cc2cc(=O)n3ccccc3n2)CC1)Nc1ccc(F)c(F)c1,Z295850258,-6.4703546
N#Cc1ccc(CNC(=O)N2CC3(CC3)c3ccccc32)c(F)c1,Z1249287116,-6.335448
Cc1ccc2c(C3=CCN(C(=O)C4CCC(=O)N4C)CC3)c[nH]c2c1,Z2110920148,-6.0237584
O=C(NCC1CC12CCc1ccccc12)N(CCO)C1CC1,Z1396071597,-5.788248
COCCc1noc(CN2C(C)CCCC2c2ccccc2)n1,Z1376860535,-5.674946
Nc1nccnc1C(=O)N1CC2CCCCC21c1ccccc1,Z1416013963,-5.7425528
COc1cccc2[nH]cc(CC(=O)N3CCC(c4ncc(C(F)(F)F)[nH]4)CC3)c12,Z8111149004,-5.8337474
COc1cccc2[nH]cc(CC(=O)NC3CCN(CC4CCOC4)CC3)c12,Z1619127142,-5.869423
Cc1nc(Cn2nnc(-c3ccccc3C)n2)no1,Z335592202,-6.276621
CC1CCC2(CC1)NC(=O)N(CC(=O)N1CCC(CCN3CCOCC3)CC1)C2=O,Z953548166,-5.8337474
CCCc1noc(C(C)N2CCN(Cc3cc(=O)n4ccccc4n3)CC2)n1,Z319025908,-6.440492
O=C(CN1CCOC(c2ccccc2)C1)N1c2ccccc2NC(=O)C12CCCC2,Z319116000,-6.141098
O=C(c1ccc(NCC2CCN(c3ccccc3)C2)nc1)N1CCc2ccccc21,Z1187927440,-5.7520514
N#Cc1ccccc1CN1C(=O)NC2(CCC(c3ccccc3)CC2)C1=O,Z325235800,-5.935482
CC(=O)N1CCC[C@H]1C(=O)N(Cc1ccccc1)c1ccncc1,Z1623072691,-5.638749
Cc1ccc(C(=O)N2CCN(Cc3cc(=O)n4ccccc4n3)CC2)n1C,Z333018054,-6.483386
O=C(NCCCc1c[nH]c2ccccc12)C1CCCN1C(=O)C(F)(F)F,Z1738949015,-5.8158455
CCc1nc(C(C)NC(=O)c2nc3cccnc3s2)cs1,Z1894282489,-6.202943
Cc1cccn2c(=O)cc(CN3C(=O)C(C)N(c4ccc(F)cc4)C3=O)nc12,Z335830178,-6.303461
Cc1cccc(NCC2CCN(Cc3cc(=O)n4ccccc4n3)C2)n1,Z990551252,-6.082331
Cc1nc2n(c1C)CCN(Cc1cc(=O)n3cccc(C)c3n1)C2,Z991019520,-6.344039
O=c1nc(Cn2nnc(-c3ccc(Cl)cc3)n2)[nH][nH]1,Z1587474117,-6.8023357
CN1CCc2ncnc(N3CCCC3c3ccccc3)c2C1,Z989258372,-5.638749
Cc1noc(C)c1CN1CCN(C(=O)c2ccc3[nH]ccc3c2)CC1,Z1151597870,-6.4248133
Cn1cc(C(=O)NCC2CCN(C(=O)c3ccc4[nH]ccc4c3)CC2)cn1,Z1151709957,-6.4663477
CC(NC(=O)NC1CCOC2(CCCC2)C1)C1CCOCC1,Z1449840832,-5.674946
CC(=O)N1CCC(NC(=O)NCCCc2c[nH]c3ccccc23)CC1,Z1153399904,-5.8337474
CCc1cccc2c(CC(=O)N3CCCC3c3noc(C)n3)c[nH]c12,Z1268723206,-5.828877
CS(=O)(=O)c1ccc(-c2nnc(C3(c4cccc(F)c4)CCOCC3)o2)cc1,Z1166113024,-6.8809395
COc1ccc(C2(c3nnc(-c4cccc(C)c4)o3)CCOCC2)cc1,Z1166113000,-6.425286
CCN1CCc2ncnc(N3CCCC3c3ccccc3)c2C1,Z989258374,-5.638749
C[S+]([O-])c1ccc(CNC(=O)N2CCOC3(CCCC3)C2)cc1,Z2736615107,-6.0569277
Clc1ccccc1C1(c2nnc(-c3ccc4c(c3)OCCO4)o2)CCOCC1,Z1166112250,-6.8755774
COc1ccc(C2(c3nnc(-c4ccc5c(c4)OCCO5)o3)CCOCC2)cc1,Z1166112258,-6.845715
Fc1ccc(C2(c3nnc(-c4ccc5c(c4)OCCO5)o3)CCOCC2)cc1,Z1166112260,-6.910802
O=C(Nc1ccn(CC(F)(F)F)n1)N1CCC(CN2CCCC2)C1,Z1589673762,-5.632936
Cn1nnc2cc(C(=O)NCC3CC34CCc3ccccc34)ccc21,Z1390798969,-6.1945586
C1CCC2(CC1)CC(Nc1nc(C3CC3)ns1)CCO2,Z1446847486,-5.704808
O=C(c1ccc2[nH]ncc2c1)N1CCCC(C(=O)N2CCCCC2c2cc3ccccc3[nH]2)C1,Z1155566203,-5.927287
CCOc1ccccc1-n1ccnc(NCc2ccccc2OC)c1=O,Z1157834287,-6.1594405
Cc1nc(Cn2nnc(-c3ccccc3)n2)no1,Z335580632,-6.276621
COc1ccccc1N1CCN(C(=O)C2CC3CCCCC3N2S(=O)(=O)c2ccccc2)CC1,Z223458508,-5.6030736
NS(=O)(=O)c1ccc(CCNC(=O)C2CC3CCCCC3N2S(=O)(=O)c2ccc3c(c2)OCCO3)cc1,Z223458494,-5.868528
N#Cc1cccc(NC(=O)C2CCCN2c2ncnc3ccccc23)c1,Z223591710,-5.8157287
CC(=O)Nc1ccc2nc(NC(=O)CN3C(=O)N(C)C4(CCCCC4)C3=O)sc2c1,Z240494238,-6.186921
CC(=O)NCc1ccc(-c2nc(NC(=O)c3ccc(C)s3)sc2C)s1,Z357022960,-6.2331185
CC(C)NS(=O)(=O)c1ccc(NC(=O)C(C)N2CCC(c3c[nH]c4ccccc34)CC2)cc1,Z225103082,-5.785983
COc1ccc(C)cc1NC(=O)C(C)N1CCC(c2c[nH]c3ccccc23)CC1,Z225107512,-6.059434
COc1ccc(NC(=O)C(C)N2CCC(c3c[nH]c4ccccc34)CC2)cc1OC,Z225107562,-6.01654
Cc1noc(C)c1C(=O)N1CCC(c2c[nH]c3ccccc23)CC1,Z226287094,-5.8766413
CC(=O)NCCc1ccc(-c2csc(NCc3ccc(F)cc3)n2)s1,Z227978068,-6.247464
O=C(NCc1nnc2n1CCC2)c1cn(Cc2ccccc2)nc1-c1ccc(Cl)cc1,Z229842200,-6.690219
CCOC1CC(NC(=O)c2cc(O)nc3ccccc23)C12CCC2,Z1260370535,-6.111119
CC(CS(C)(=O)=O)N(C)C(=O)Cc1c[nH]c2cc(Cl)ccc12,Z1183627173,-6.417595
O=C1NCC(C(=O)N2CCc3c(ccc(Cl)c3Cl)C2)N1,Z1162662117,-6.1888623
O=C(c1csnn1)N1CC2CCCCC21c1ccccc1,Z1453443641,-5.7425528
O=c1cc(CN2CCN(c3cnccn3)CC2)nc2ccccn12,Z271697078,-6.4703546
c1ccc(-c2nnc(C3CC34CCN(c3ncnc5sccc35)CC4)o2)cc1,Z1165357667,-6.120806
CCNC(=O)N1CCc2c(cccc2-n2nnc(C(=O)N3CCCC3)c2C)C1,Z1165360410,-6.1942563
Cn1cc(C2CSCCN2CC(=O)NC2CCC(C(F)(F)F)CC2)cn1,Z1846146931,-5.722189
Cc1cc(C)n(-c2ccc(C(=O)N3Cc4ccccc4CC3C(=O)N3CCCC3)cc2)n1,Z237466902,-6.1491213
Cc1cccc(-c2noc(CN3CCC4(CC3)CC4c3nnc(-c4ccccc4)o3)n2)c1,Z1166028828,-6.311739
CC(C)N(C(=O)CCc1ccc2[nH]ccc2c1)C1CCOCC1,Z1599424663,-6.0693393
O=C(NCCS(=O)(=O)c1ccc(Cl)cc1)N1CCc2ccc(Cl)cc21,Z945471470,-6.3002234
O=C(NCc1ccc(CN2CCc3ccccc32)cc1)C1CC1c1cccnc1,Z915807884,-6.130103
Cc1cccc2[nH]cc(CC(=O)NC3CCN(CC4CCOC4)CC3)c12,Z1232397936,-5.912317
O=C(C1Cc2ccccc2CN1S(=O)(=O)c1ccc(Cl)cc1C(F)(F)F)N1CCCC1,Z244607892,-6.1053057
Cc1nc(Cc2noc(-c3cscn3)n2)no1,Z1169977201,-6.2331185
O=C(c1n[nH]c2c1CCC2)N1CCC(c2c[nH]c3ccc(F)cc23)CC1,Z2099677434,-5.927287
Cc1cc(C)c2cc(C(=O)N3CCC4C(CCC(=O)N4C4CC4)C3)[nH]c2c1,Z1495235834,-6.0237584
O=C(Cc1c[nH]c2ccccc12)N1CCCC(c2nncn2C2CC2)C1,Z1171528478,-5.78017
Cc1cnc(NC(=O)CNC(=O)N2CCc3ccccc3C2)s1,Z1171664001,-6.1612463
Cc1ccsc1CNC(=O)CNC(=O)N1CCc2ccccc2C1,Z1171708231,-6.1612463
CCC(CC)C(CNC(=O)C(Cc1c[nH]c2ccccc12)NC(=O)c1cccs1)N1CCOCC1,Z271107254,-6.270478
CN(C)C(=O)c1cccc(CN2CCSCC2c2ccccc2)c1,Z1212890665,-6.1945586
Cc1cccc2c(CCN3C(=O)NC(C(C)C)C3=O)c[nH]c12,Z1612525496,-6.273766
CCC(C)C1NC(=O)N(Cc2ccccc2-c2cnn(C)c2)C1=O,Z1612717695,-6.2743745
Cc1cc(C)n(-c2ccccc2CN2C(=O)NC3(Cc4ccccc4C3)C2=O)n1,Z1612714555,-6.460489
Cc1cc(CN2C(=O)NC3(CCCC3)C2=O)cc(C)c1F,Z1612762403,-6.377049
O=C1CC[C@@H](C(=O)N2CCN(C(=O)c3cc4ccccc4[nH]3)CC2)N1,Z1177886433,-6.010727
CC(C)c1nc(C2CCCN(C(=O)Cc3ccn(C(C)C)n3)C2)no1,Z1269735131,-5.6030736
CCc1cc2c(N3CCCCC3c3nc(C)cs3)ncnc2s1,Z985964334,-5.8595443
COc1cc(OC)c2[nH]c(C(=O)N3CCN(C(C)=O)CC3)cc2c1,Z278161860,-6.3819194
NC(=O)c1cccc(NC(=O)N2CC(O)(C3CC3)C2)c1,Z1833734493,-5.863493
O=C(NCC(c1ccccc1)c1c[nH]c2ccccc12)N1CCCC2CC21,Z2107455275,-5.8158455
CCS(=O)(=O)N1Cc2ccccc2CC1C(=O)N1CC=C(c2c[nH]c3ccccc23)CC1,Z289591004,-6.159
COc1ccc2cc(C(=O)NC3CCN(CC(F)(F)F)C3=O)[nH]c2c1,Z1182586388,-6.01654
Cc1cc2cc[nH]c2cc1NC(=O)NC1CCCN(C(=O)N2CCCC2)C1,Z2110057049,-5.9403186
O=c1oc(-c2ccc(F)cc2)nn1Cc1noc(-c2ccc(Cl)cc2)n1,Z234896153,-6.7998815
COc1cccc(NC(=O)CN2CCN(Cc3cc(=O)n4ccccc4n3)CC2)c1,Z295850214,-6.440492
CCc1cccc2c(CC(=O)N3CCCC(CN4CCOCC4)C3)c[nH]c12,Z1183745135,-5.7503076
CCOC1CC(Nc2c(C#N)c(=O)n(C)c(=O)n2C)C12CCC2,Z1262402868,-6.0001984
COc1cccc2[nH]cc(CC(=O)Nc3cnn(CC4CCCO4)c3)c12,Z1618463951,-5.82218
COCC1CCN(C(=O)C(Cc2c[nH]c3ccccc23)NC(C)=O)CC1,Z1185643911,-5.8337474
O=C(NCCN1CCCS1(=O)=O)c1cc2ccc(OC(F)(F)F)cc2[nH]1,Z952681220,-6.3640175
CC1CCC2(CC1)NC(=O)N(CC(=O)N1CCC(C#N)CC1)C2=O,Z952652322,-5.8337474
Cc1cc(C)c2cc(C(=O)N3CCC4CCN(C)CC43)[nH]c2c1,Z1620094535,-6.059434
COc1ccc2cc(C(=O)N3CCN(Cc4nc5sc6c(c5c(=O)[nH]4)CCCC6)CC3)[nH]c2c1,Z318461522,-6.351279
COc1ccccc1CC1CCCN(C(=O)C2CC23CCOCC3)C1,Z1338150888,-5.6030736
COC1C(C)C(NC(=O)c2cccnc2)C12CCC2,Z1620759187,-6.0001984
COc1ccc(C(CNC(=O)C2(C)CCCN2)c2c[nH]c3ccccc23)cc1,Z2447455936,-6.276034
COc1ccc2[nH]cc(CCNC(=O)N3CCCCC3c3cc[nH]n3)c2c1,Z2114890300,-5.9331
CCc1cc2c(N3CCCC3C(=O)Nc3ccccc3)ncnc2s1,Z328723820,-5.7858663
O=C(c1ccc(Cl)o1)N1CCN(Cc2cc(=O)n3ccccc3n2)CC1,Z333018628,-6.523154
O=C(Cc1ccc(Cl)c(Cl)c1)N1CCN(Cc2cc(=O)n3ccccc3n2)CC1,Z333016990,-6.523154
CN1CCN(c2ncccc2S(N)(=O)=O)Cc2ccccc21,Z1190327011,-6.123244
COc1cccc2[nH]cc(CCNC(=O)N3C[C@@H](C)O[C@@H](C)C3)c12,Z1623618801,-6.1951966
Cc1cccc(NC(=O)[C@@H]2CCCN2c2ncc(Cl)cn2)n1,Z1333167805,-5.712427
CCc1csc(C2CCCN(C(=O)Cn3cncn3)C2)n1,Z1193046572,-5.6030736
CCOc1ccccc1-c1cccc(C(=O)N2CC(n3cc(C(C)(C)O)nn3)C2)c1,Z1625753395,-6.238061
Cc1nc(C2COCCN2c2ccnc(-c3ccccc3)n2)no1,Z1626166199,-6.164622
Cc1nc(C2CN(C(=O)Cc3c[nH]c4cc(Cl)ccc34)CCO2)no1,Z1626805739,-6.349011
Cn1c(=O)[nH]c(=O)c2[nH]c(CCC(=O)N3CCCC(c4cc5ccccc5[nH]4)C3)nc21,Z976470766,-5.8974247
CC(=O)NCc1ccc(-c2csc(C3CC3)n2)s1,Z355286778,-5.7583857
O=C(c1ccc(Br)cc1F)N1CCN(Cc2cc(=O)n3ccccc3n2)CC1,Z295695190,-6.4703546
Cn1cc(-c2nc(C3COCCN3Cc3cccc4cccnc34)no2)cn1,Z1627335083,-6.090944
Cc1ccc(-c2nnc(CN3C(=O)NC4(CCCc5sccc54)C3=O)o2)cc1,Z359657194,-6.734232
O=C(NCCNC(=O)N1CCc2ccccc2C1)c1ccn[nH]1,Z1628271678,-6.2646646
Cc1cccc2c(CCC(=O)NC3CCCCNC3=O)c[nH]c12,Z1259656011,-5.8650737
